{
  "src_folders" : [ "tests" ],
  "output_folder" : "reports",
  "custom_commands_path" : "",
  "custom_assertions_path" : "",
  "page_objects_path" : "",
  "globals_path" : "nightwatch_globals.js",

  "selenium" : {
    "start_process" : true,
    "cli_args" : {
      "webdriver.chrome.driver" : "/usr/bin/chromedriver"
    }
  },

  "test_settings" : {
    "default" : {
      "selenium_port"  : 9515,
      "selenium_host"  : "localhost",
      "default_path_prefix" : "",

      "desiredCapabilities": {
        "browserName": "chrome",
        "chromeOptions" : {
          "args" : ["--no-sandbox"]
        },
        "acceptSslCerts": true
      }
    }
  }
}
