{
    "folders": {
       "pirana": "/opt/pirana",
       "piranajs": "/opt/pirana/piranajs",
       "pirana_scripts": "/opt/pirana/pirana_scripts"
    },
    "custom": {
      "user_home_folder": "/data",
      "user_r_libs": "/data/R/libs",
      "user_r_scripts": "/data/R/scripts"
    },
    "license": {
        "file": "/opt/pirana/piranajs.lic"
    },
    "commands": {
        "apirana": "perl /opt/pirana/apirana/apirana",
        "zedrem": "/opt/pirana/zed/zedrem"
    },
    "general": {
        "use_https": false,
        "port_http": 8000,
        "port_https": 8001,
        "trust_proxy": true,
        "allow_tty": false,
        "run_before_psn": "/etc/profile"
    },
    "ui": {
        "sound_fx": false
    },
    "ssl": {
        "key": "./ssl/server_placeholder.key",
        "cert": "./ssl/server_placeholder.crt"
    },
    "links": {
        "RStudio": "http://localhost:8787"
    },
    "mpi": {
      "presets": {
        "mpi 2 cores gfortran": {
          "executable": "/usr/local/mpich3gf/bin/mpiexec",
          "template": "templates/parafile_gf.pnm",
          "nodes": 2,
          "psn_args": ["-parafile=<template>", "-nmqual", "-run_on_sge", "-sge_prepend_flags='-pe orte 2 -V'"]
        },
        "mpi 4 cores gfortran": {
          "executable": "/usr/local/mpich3gf/bin/mpiexec",
          "template": "templates/parafile_gf.pnm",
          "nodes": 4,
          "psn_args": ["-parafile=<template>", "-nmqual", "-run_on_sge", "-sge_prepend_flags='-pe orte 4 -V'"]
        },
        "mpi 6 cores gfortran": {
          "executable": "/usr/local/mpich3gf/bin/mpiexec",
          "template": "templates/parafile_gf.pnm",
          "nodes": 6,
          "psn_args": ["-parafile=<template>", "-nmqual", "-run_on_sge", "-sge_prepend_flags='-pe orte 6 -V'"]
        },
        "mpi 8 cores gfortran": {
          "executable": "/usr/local/mpich3gf/bin/mpiexec",
          "template": "templates/parafile_gf.pnm",
          "nodes": 8,
          "psn_args": ["-parafile=<template>", "-nmqual", "-run_on_sge", "-sge_prepend_flags='-pe orte 8 -V'"]
        },
        "mpi 12 cores gfortran": {
          "executable": "/usr/local/mpich3gf/bin/mpiexec",
          "template": "templates/parafile_gf.pnm",
          "nodes": 12,
          "psn_args": ["-parafile=<template>", "-nmqual", "-run_on_sge", "-sge_prepend_flags='-pe orte 12 -V'"]
        },
        "mpi 16 cores gfortran": {
          "executable": "/usr/local/mpich3gf/bin/mpiexec",
          "template": "templates/parafile_gf.pnm",
          "nodes": 16,
          "psn_args": ["-parafile=<template>", "-nmqual", "-run_on_sge", "-sge_prepend_flags='-pe orte 16 -V'"]
        },
        "mpi 2 cores intel": {
          "executable": "/usr/local/mpich3/bin/mpiexec",
          "template": "templates/parafile_gf.pnm",
          "nodes": 2,
          "psn_args": ["-parafile=<template>", "-nmqual", "-run_on_sge", "-sge_prepend_flags='-pe orte 2 -V'"]
        },
        "mpi 4 cores intel": {
          "executable": "/usr/local/mpich3/bin/mpiexec",
          "template": "templates/parafile_gf.pnm",
          "nodes": 4,
          "psn_args": ["-parafile=<template>", "-nmqual", "-run_on_sge", "-sge_prepend_flags='-pe orte 4 -V'"]
        },
        "mpi 6 cores intel": {
          "executable": "/usr/local/mpich3/bin/mpiexec",
          "template": "templates/parafile_gf.pnm",
          "nodes": 6,
          "psn_args": ["-parafile=<template>", "-nmqual", "-run_on_sge", "-sge_prepend_flags='-pe orte 6 -V'"]
        },
        "mpi 8 cores intel": {
          "executable": "/usr/local/mpich3/bin/mpiexec",
          "template": "templates/parafile_gf.pnm",
          "nodes": 8,
          "psn_args": ["-parafile=<template>", "-nmqual", "-run_on_sge", "-sge_prepend_flags='-pe orte 8 -V'"]
        },
        "mpi 12 cores intel": {
          "executable": "/usr/local/mpich3/bin/mpiexec",
          "template": "templates/parafile_gf.pnm",
          "nodes": 12,
          "psn_args": ["-parafile=<template>", "-nmqual", "-run_on_sge", "-sge_prepend_flags='-pe orte 12 -V'"]
        },
        "mpi 16 cores intel": {
          "executable": "/usr/local/mpich3/bin/mpiexec",
          "template": "templates/parafile_gf.pnm",
          "nodes": 16,
          "psn_args": ["-parafile=<template>", "-nmqual", "-run_on_sge", "-sge_prepend_flags='-pe orte 16 -V'"]
        }
      }
    }
}
