{ "name": "", "dofv": 0, "children": [
     { "name": "1", "ofv": 12205.445, "dofv": 0, "descr": "simplest model", "final": 0, "final_path": 0, "data_diff": 1, "nested": 1, "notes": "", "n_children": 7,
        "children": [
         { "name": "20w", "ofv": 0, "dofv": 0, "descr": "prediction ABT-888 in tum", "final": 0, "final_path": 0, "data_diff": 1, "nested": 1, "notes": "", "n_children": 0 },
         { "name": "20d", "ofv": 0, "dofv": 0, "descr": "prediction ABT-888 in tum", "final": 0, "final_path": 0, "data_diff": 1, "nested": 1, "notes": "", "n_children": 0 },
         { "name": "20b", "ofv": 0, "dofv": 0, "descr": "prediction ABT-888 in tum", "final": 0, "final_path": 0, "data_diff": 1, "nested": 1, "notes": "", "n_children": 0 },
         { "name": "20a", "ofv": 0, "dofv": 0, "descr": "prediction ABT-888 in tum", "final": 0, "final_path": 0, "data_diff": 1, "nested": 1, "notes": "", "n_children": 0 },
         { "name": "20x", "ofv": 0, "dofv": 0, "descr": "prediction ABT-888 in tum", "final": 0, "final_path": 0, "data_diff": 1, "nested": 1, "notes": "", "n_children": 0 },
         { "name": "20c", "ofv": 0, "dofv": 0, "descr": "prediction ABT-888 in tum", "final": 0, "final_path": 0, "data_diff": 1, "nested": 1, "notes": "", "n_children": 0 },
         { "name": "2", "ofv": 11140.326, "dofv": -1065.119, "descr": "+peripheral compartment", "final": 0, "final_path": 0, "data_diff": 0, "nested": 1, "notes": "Very good run", "n_children": 1,
            "children": [
             { "name": "3", "ofv": 10916.405, "dofv": -223.921, "descr": "+combined error model", "final": 0, "final_path": 0, "data_diff": 0, "nested": 1, "notes": "", "n_children": 1,
                "children": [
                 { "name": "4", "ofv": 10916.405, "dofv": 0, "descr": "for scm, without tables", "final": 0, "final_path": 0, "data_diff": 0, "nested": 1, "notes": "", "n_children": 1,
                    "children": [
                     { "name": "5", "ofv": 10815.743, "dofv": -100.662, "descr": "final model from scm", "final": 0, "final_path": 0, "data_diff": 0, "nested": 1, "notes": "", "n_children": 1,
                        "children": [
                         { "name": "9", "ofv": 10815.743, "dofv": 0, "descr": "final model from scm", "final": 0, "final_path": 0, "data_diff": 0, "nested": 1, "notes": "", "n_children": 0 }
                         ]
                     }
                     ]
                 }
                 ]
             }
             ]
         }
         ]
     },
     { "name": "11", "ofv": 11140.326, "dofv": 0, "descr": "Duplicate from run10", "final": 0, "final_path": 0, "data_diff": 0, "nested": 1, "notes": "", "n_children": 1,
        "children": [
         { "name": "12", "ofv": 0, "dofv": -11140.326, "descr": "Duplicate from run11", "final": 0, "final_path": 0, "data_diff": 0, "nested": 1, "notes": "", "n_children": 0 }
         ]
     },
     { "name": "20", "ofv": 0, "dofv": 0, "descr": "base model, fix V1, witho", "final": 0, "final_path": 0, "data_diff": 1, "nested": 1, "notes": "", "n_children": 0 }
  ]
}