{ "name": "", "dofv": 0, "children": [
     { "name": "1", "ofv": 12205.445, "dofv": 0, "descr": "simplest model", "final": 0, "final_path": 1, "data_diff": 1, "nested": 1, "notes": "", "n_children": 7,
        "children": [ 
         { "name": "run20w", "ofv": 0, "dofv": 0, "descr": "", "final": 0, "final_path": 0, "data_diff": 0, "nested": 1, "notes": "", "n_children": 0 },
         { "name": "run20d", "ofv": 0, "dofv": 0, "descr": "", "final": 0, "final_path": 0, "data_diff": 0, "nested": 1, "notes": "", "n_children": 0 },
         { "name": "run20b", "ofv": 0, "dofv": 0, "descr": "", "final": 0, "final_path": 0, "data_diff": 0, "nested": 1, "notes": "", "n_children": 0 },
         { "name": "run20a", "ofv": 0, "dofv": 0, "descr": "", "final": 0, "final_path": 0, "data_diff": 0, "nested": 1, "notes": "", "n_children": 0 },
         { "name": "run20x", "ofv": 0, "dofv": 0, "descr": "", "final": 0, "final_path": 0, "data_diff": 0, "nested": 1, "notes": "", "n_children": 0 },
         { "name": "run20c", "ofv": 0, "dofv": 0, "descr": "", "final": 0, "final_path": 0, "data_diff": 0, "nested": 1, "notes": "", "n_children": 0 },
         { "name": "run2", "ofv": 0, "dofv": 0, "descr": "", "final": 0, "final_path": 1, "data_diff": 0, "nested": 1, "notes": "", "n_children": 1,
            "children": [ 
             { "name": "run3", "ofv": 0, "dofv": 0, "descr": "", "final": 0, "final_path": 1, "data_diff": 0, "nested": 1, "notes": "", "n_children": 1,
                "children": [ 
                 { "name": "run4", "ofv": 0, "dofv": 0, "descr": "", "final": 0, "final_path": 1, "data_diff": 0, "nested": 1, "notes": "", "n_children": 1,
                    "children": [ 
                     { "name": "run5", "ofv": 0, "dofv": 0, "descr": "", "final": 0, "final_path": 1, "data_diff": 0, "nested": 1, "notes": "", "n_children": 1,
                        "children": [ 
                         { "name": "run9", "ofv": 0, "dofv": 0, "descr": "", "final": 1, "final_path": 1, "data_diff": 0, "nested": 1, "notes": "", "n_children": 0 }
                         ]
                     }
                     ]
                 }
                 ]
             }
             ]
         }
         ]
     },
     { "name": "11", "ofv": 11140.326, "dofv": 0, "descr": "Duplicate from run10", "final": 0, "final_path": 0, "data_diff": 0, "nested": 1, "notes": "", "n_children": 1,
        "children": [ 
         { "name": "run12", "ofv": 0, "dofv": 0, "descr": "", "final": 0, "final_path": 0, "data_diff": 0, "nested": 1, "notes": "", "n_children": 0 }
         ]
     },
     { "name": "20", "ofv": 0, "dofv": 0, "descr": "base model, fix V1, without outliers", "final": 0, "final_path": 0, "data_diff": 1, "nested": 1, "notes": "", "n_children": 0 }
  ]
}